"","alias","target"
"1","khwyfq","facade"
"2","tcyxmw","facade"
"3","tldhlk","facade"
"4","onzppx","facade"
"5","gbujim","garbage_can"
"6","bpctie","transformers"
"7","eumcmn","transformers"
"8","kjdhgx","facade"
"9","kahhso","facade"
"10","dwvbzl","facade"
"11","txoecv","transformers"
"12","mxjixz","transformers"
"13","fxpifa","transformers"
"14","vaoakq","transformers"
"15","eoaazz","transformers"
"16","wtinbv","transformers"
"17","smoqoe","window"
"18","lmozbp","window"
"19","qwxjym","window"
"20","iivbfo","window"
"21","qtwskh","window"
"22","tcyxmw","facade"
"23","ahmsqb","facade"
"24","iqhcqu","facade"
"25","opyhol","facade"
"26","ulfdpv","facade"
"27","kixnht","facade"
"28","lxltff","facade"
"29","gbujim","facade"
"30","srpdku","facade"
"31","ojheqy","facade"
"32","ghhulb","facade"
"33","dwvbzl","facade"
"34","rbfjjc","facade"
"35","miqgga","facade"
"36","miqgga","facade"
"37","ulfdpv","facade"
"38","psbxta","facade"
"39","poqczt","facade"
"40","xkesqd","facade"
"41","eyiash","garage_door"
"42","wkuofd","facade"
"43","dlzbjb","facade"
"44","vgilwn","transformers"
"45","pfincj","facade"
"46","ismdvb","facade"
"47","doirgc","facade"
"48","gkpyxa","transformers"
"49","ulfdpv","transformers"
"50","zzfaez","transformers"
"51","edmqtp","transformers"
"52","axohfo","transformers"
"53","ulfdpv","transformers"
"54","uqufpw","transformers"
"55","btmzcy","transformers"
"56","znauvv","transformers"
"57","avosqg","transformers"
"58","xvbguc","facade"
"59","omdueo","facade"
"60","dunpuf","facade"
"61","fymfcr","facade"
"62","gxhove","transformers"
"63","zgrvkj","transformers"
"64","szdwpk","transformers"
"65","yqbjlp","transformers"
"66","hefzdl","transformers"
"67","jhdfwu","transformers"
"68","crzuli","facade"
"69","tmfwqq","facade"
"70","mkgnbh","facade"
"71","zzcclz","facade"
"72","bemexh","facade"
"73","vwhpch","facade"
"74","nppxch","facade"
"75","trkqcc","facade"
"76","uuccbw","facade"
"77","xhrjzj","facade"
"78","lulwhi","facade"
"79","liukal","facade"
"80","kutrrs","facade"
"81","kuafqt","facade"
"82","kfzzws","transformers"
"83","kiyhnt","transformers"
"84","afhukb","transformers"
"85","kiyhnt","transformers"
"86","kiyhnt","transformers"
"87","kfzzws","transformers"
"88","kiyhnt","transformers"
"89","kiyhnt","transformers"
"90","kiyhnt","transformers"
"91","eealyc","transformers"
"92","kahhso","facade"
"93","kahhso","transformers"
"94","onzppx","shutter"
"95","xhrjzj","shutter"
"96","awvfhi","shutter"
"97","rbfjjc","shutter"
"98","jdagna","shutter"
"99","dexkzf","shutter"
"100","ffnbot","shutter"
"101","yltarr","shutter"
"102","ueiysh","facade"
"103","jcucgl","facade"
"104","gkpyxa","transformers"
"105","miqgga","transformers"
"106","ulfdpv","transformers"
"107","pspdqg","facade"
"108","ulfdpv","facade"
"109","fhetog","transformers"
"110","rlcjto","transformers"
"111","xfhmdt","transformers"
"112","ogcskz","facade"
"113","ulfdpv","facade"
"114","vgilwn","facade"
"115","ogcskz","window"
"116","zzfaez","window"
"117","zzfaez","window"
"118","zzfaez","window"
"119","zzfaez","window"
"120","zbrskb","window"
"121","zbrskb","window"
"122","zbrskb","window"
"123","miqgga","facade"
"124","ulfdpv","facade"
"125","ulfdpv","facade"
"126","zarxhl","transformers"
"127","dckpar","transformers"
"128","nppxch","facade"
"129","ocuzlx","facade"
"130","abxgbs","facade"
"131","deqocp","door"
"132","nkiova","door"
"133","ylavbr","door"
"134","mzzzaj","facade"
"135","vgilwn","facade"
"136","ulfdpv","facade"
"137","liukal","facade"
"138","ueijbd","facade"
"139","miqgga","facade"
"140","miqgga","facade"
"141","ulfdpv","facade"
"142","kahhso","transformers"
"143","cngbfg","parking_meter"
"144","lcefch","parking_meter"
"145","ooiars","parking_meter"
"146","dunpuf","parking_meter"
"147","ueijbd","facade"
"148","ozsael","facade"
"149","oerbhj","facade"
"150","fcvkoq","door"
"151","ozsael","door"
"152","ueijbd","door"
"153","lpspgv","door"
"154","ozsael","door"
"155","brrurt","door"
"156","nvheqm","door"
"157","nxsjwb","transformers"
"158","lmdjco","transformers"
"159","lqegen","transformers"
"160","yzvbvd","facade"
"161","qpzqyg","facade"
"162","mxvrrq","facade"
"163","knwiwa","facade"
"164","cytwud","facade"
"165","jrllns","facade"
"166","bplrxc","facade"
"167","xyiuix","facade"
"168","anmymc","facade"
"169","vcnfhe","facade"
"170","wqmcch","facade"
"171","qvcrpx","facade"
"172","cnkapu","facade"
"173","goywav","facade"
"174","awucsm","facade"
"175","isrcno","door"
"176","wbsobb","door"
"177","cajywt","door"
"178","eesjlq","door"
"179","rtjnyq","facade"
"180","kfzzws","garage_door"
"181","oiwdyk","garage_door"
"182","afdtnb","garage_door"
"183","ctddcb","door"
"184","cafjlv","door"
"185","dexkzf","door"
"186","emxykh","garage_door"
"187","szaegc","garage_door"
"188","gvwptu","facade"
"189","mburzv","door"
"190","idvzkf","facade"
"191","idvzkf","door"
"192","xmafsn","facade"
"193","xhrjzj","parking_meter"
"194","xhrjzj","door"
"195","pfincj","transformers"
"196","nppxch","facade"
"197","akxppn","transformers"
"198","ulfdpv","transformers"
"199","vgilwn","transformers"
"200","wtinbv","transformers"
"201","tcyxmw","transformers"
"202","xhrjzj","transformers"
"203","gbujim","transformers"
"204","urzccj","transformers"
"205","hzvrag","transformers"
"206","ajpyzj","transformers"
"207","rtjnyq","transformers"
"208","tldrjx","facade"
"209","ljzgrx","facade"
"210","vunnqq","shutter"
"211","ffdtqo","door"
"212","gqxnjx","facade"
"213","pdzbui","facade"
"214","wsnvnc","window"
"215","mzzzaj","facade"
"216","lfoehh","facade"
"217","egfqht","facade"
"218","lhatbx","facade"
"219","gmornj","facade"
"220","xxuvwk","facade"
"221","fdjsct","facade"
"222","ismdvb","facade"
"223","xxuvwk","facade"
"224","onzppx","facade"
"225","vdjgzf","facade"
"226","hmivmz","facade"
"227","pctjsw","facade"
"228","icmuam","facade"
"229","fpwvey","facade"
"230","doirgc","facade"
"231","eealyc","facade"
"232","lmdjco","facade"
"233","kiwdof","facade"
"234","ambces","facade"
"235","hmivmz","facade"
"236","ifihuk","facade"
"237","drifmc","facade"
"238","xdvzsi","facade"
"239","psklaf","facade"
"240","reozin","transformers"
"241","ccrblh","transformers"
"242","lkfrbk","transformers"
"243","nbhwna","transformers"
"244","ebjymh","transformers"
"245","zqbyel","transformers"
"246","ismdvb","transformers"
"247","ylavbr","transformers"
"248","gbnsmv","transformers"
"249","ueijbd","transformers"
"250","kiwdof","transformers"
"251","peikun","transformers"
"252","tldrjx","door"
"253","udguvk","door"
"254","wtinbv","facade"
"255","xmafsn","facade"
"256","gqlywq","garage_door"
"257","kiyhnt","facade"
"258","nppxch","facade"
"259","vwhpch","facade"
"260","xpzbis","facade"
"261","iqlvvc","transformers"
"262","ebjymh","transformers"
"263","oiwdyk","transformers"
"264","wmmzzg","transformers"
"265","ivtxyd","transformers"
"266","wmsymd","door"
"267","pfincj","door"
"268","rghhse","door"
"269","ueijbd","transformers"
"270","sxpfcd","transformers"
"271","asvwjd","transformers"
"272","fbwrfl","transformers"
"273","zqbyel","transformers"
"274","vskscx","transformers"
"275","znycfl","facade"
"276","schgpn","transformers"
"277","fhetog","garage_door"
"278","jrllns","facade"
"279","bdguhr","facade"
"280","mzzzaj","facade"
"281","ulfdpv","facade"
"282","tbuiqh","facade"
"283","tbuiqh","facade"
"284","ctxokq","facade"
"285","rnwxlb","facade"
"286","vzzcsm","facade"
"287","adpsxi","facade"
"288","nyddph","facade"
"289","jzvxjk","facade"
"290","miqgga","facade"
"291","gkpyxa","facade"
"292","emxykh","facade"
"293","deqocp","facade"
"294","vgilwn","facade"
"295","ulfdpv","facade"
"296","ulfdpv","facade"
"297","ulfdpv","facade"
"298","vskscx","facade"
"299","kwohyq","facade"
"300","oerbhj","facade"
"301","tldrjx","facade"
"302","kwohyq","facade"
"303","tjziyt","bench"
"304","ueijbd","transformers"
"305","lmdjco","transformers"
"306","tuqlzs","facade"
"307","ebjymh","facade"
"308","miqgga","facade"
"309","spkbve","facade"
"310","spkbve","transformers"
"311","ymkpam","transformers"
"312","ccrblh","facade"
"313","xxuvwk","facade"
"314","zqbyel","traffic_sign"
"315","ebjymh","facade"
"316","ueijbd","facade"
"317","wdbxzc","facade"
"318","bstafu","facade"
"319","miqgga","facade"
"320","ulfdpv","facade"
"321","wdbxzc","parking_meter"
"322","wbsobb","parking_meter"
"323","vskscx","door"
"324","cghcij","transformers"
"325","rongxm","transformers"
"326","tcyxmw","facade"
"327","dozmpu","facade"
"328","xhrjzj","facade"
"329","urzccj","facade"
"330","rablsx","facade"
"331","aobrcq","facade"
"332","alwzfw","facade"
"333","kfzzws","facade"
"334","mctewh","transformers"
"335","cxzrwz","transformers"
"336","bzlrwu","transformers"
"337","oxqpnq","transformers"
"338","vndljy","transformers"
"339","tdlicy","transformers"
"340","wdbxzc","facade"
"341","zwnmky","facade"
"342","ccrblh","facade"
"343","zzfaez","facade"
"344","rtjnyq","transformers"
"345","ulfdpv","facade"
"346","lvsehv","shutter"
"347","rghhse","shutter"
"348","wtinbv","shutter"
"349","onzppx","shutter"
"350","eesjlq","shutter"
"351","onzppx","shutter"
"352","ioiijs","shutter"
"353","ccrblh","facade"
"354","ocdzpi","garage_door"
"355","ylavbr","garage_door"
"356","qolfsd","door"
"357","xbjweh","door"
"358","fnqzak","door"
"359","gwfstd","door"
"360","cbccht","door"
"361","ccrblh","transformers"
"362","mjozui","transformers"
"363","ehbbob","transformers"
"364","ehbbob","transformers"
"365","ufglxz","transformers"
"366","eesjlq","transformers"
"367","gwuxfh","transformers"
"368","gdxitf","transformers"
"369","lqemqc","transformers"
"370","lqemqc","transformers"
"371","keqhyo","transformers"
"372","keqhyo","transformers"
"373","keqhyo","transformers"
"374","bteyot","transformers"
"375","bteyot","transformers"
"376","codida","transformers"
"377","kahhso","transformers"
"378","vmsugs","transformers"
"379","ebpmgi","transformers"
"380","rhjiys","door"
"381","coefze","transformers"
"382","kahhso","transformers"
"383","vskscx","transformers"
"384","ahggcs","door"
"385","rnvxxz","transformers"
"386","rnvxxz","transformers"
"387","kiwdof","transformers"
"388","tcyxmw","transformers"
"389","rnvxxz","transformers"
"390","rnvxxz","transformers"
"391","rnvxxz","transformers"
"392","ccrblh","transformers"
"393","ccrblh","transformers"
"394","ibgxbj","transformers"
"395","ueijbd","facade"
"396","ccrblh","facade"
"397","rgkhvr","facade"
"398","ygrbcw","transformers"
"399","rhjiys","transformers"
"400","lbfpau","transformers"
"401","inyygi","facade"
"402","miqgga","facade"
"403","ulfdpv","facade"
"404","ismdvb","facade"
"405","miqgga","facade"
"406","ulfdpv","facade"
"407","ulfdpv","facade"
"408","miqgga","facade"
"409","vgilwn","facade"
"410","vgilwn","facade"
"411","zmcnan","facade"
"412","jrllns","parking_meter"
"413","rghhse","parking_meter"
"414","awvfhi","facade"
"415","wygstq","facade"
"416","ccrblh","facade"
"417","reozin","facade"
"418","qzzbwy","facade"
"419","ffdtqo","facade"
"420","nvheqm","transformers"
"421","hrqggr","transformers"
"422","bypokv","facade"
"423","deqocp","facade"
"424","nkiova","facade"
"425","nyddph","facade"
"426","ulfdpv","transformers"
"427","ulfdpv","transformers"
"428","gkpyxa","transformers"
"429","cmgzqd","shutter"
"430","mmtbha","door"
"431","kwohyq","transformers"
"432","vskscx","transformers"
"433","rtjnyq","transformers"
"434","jlhxnu","transformers"
"435","ccrblh","transformers"
"436","tldrjx","transformers"
"437","zzfaez","transformers"
"438","zzfaez","transformers"
"439","deqocp","transformers"
"440","rtjnyq","transformers"
"441","nyddph","transformers"
"442","rhjiys","transformers"
"443","cpdvhx","transformers"
"444","wtinbv","transformers"
"445","rtjnyq","transformers"
"446","zzfaez","transformers"
"447","nyddph","transformers"
"448","deqocp","transformers"
"449","wubmek","facade"
"450","zzfaez","facade"
"451","gbsuvd","parking_meter"
"452","ueijbd","transformers"
"453","onzppx","facade"
"454","rghhse","facade"
"455","lauhis","facade"
"456","aoxfzs","facade"
"457","ylavbr","facade"
"458","vwhpch","door"
"459","kapwmi","transformers"
"460","kyvurj","transformers"
"461","xhrjzj","transformers"
"462","ukhovp","facade"
"463","koyijn","facade"
"464","wdjbms","transformers"
"465","ulfdpv","bridge"
"466","miqgga","bridge"
"467","ulfdpv","bridge"
"468","vgilwn","bridge"
"469","wdjbms","transformers"
"470","wdjbms","transformers"
"471","ulfdpv","transformers"
"472","wdjbms","transformers"
"473","wdjbms","transformers"
"474","vskscx","transformers"
"475","ulfdpv","transformers"
"476","ismdvb","transformers"
"477","wdjbms","transformers"
"478","wdjbms","transformers"
"479","gbnsmv","transformers"
"480","wdjbms","transformers"
"481","ulfdpv","transformers"
"482","yjaqby","facade"
"483","vrhlhf","facade"
"484","oxymqp","facade"
"485","zzfaez","transformers"
"486","zvhzab","transformers"
"487","fhetog","transformers"
"488","yjyutc","door"
"489","ulfdpv","door"
"490","miqgga","facade"
"491","vgilwn","facade"
"492","ulfdpv","facade"
"493","zzcclz","facade"
"494","miqgga","transformers"
"495","rghhse","transformers"
"496","ijubac","transformers"
"497","rghhse","facade"
"498","ccrblh","facade"
"499","wdbxzc","facade"
"500","rghhse","facade"
"501","zqbyel","transformers"
"502","nrebtj","transformers"
"503","lcefch","transformers"
"504","vunnqq","door"
"505","razkvx","door"
"506","razkvx","door"
"507","rnvxxz","facade"
"508","rukjuy","facade"
"509","rtjnyq","facade"
"510","gbnsmv","transformers"
"511","cmgzqd","transformers"
"512","fhetog","transformers"
"513","rnvxxz","facade"
"514","rukjuy","facade"
"515","onzppx","transformers"
"516","zzfaez","facade"
"517","adpsxi","facade"
"518","ccrblh","transformers"
"519","wblguv","facade"
"520","zqbyel","facade"
"521","zqbyel","facade"
"522","rtjnyq","shutter"
"523","miqgga","facade"
"524","ulfdpv","facade"
"525","rtjnyq","facade"
"526","jokxwv","facade"
"527","jrxpzr","facade"
"528","jdyxal","facade"
"529","uwvrfv","facade"
"530","escufo","window"
"531","nyddph","window"
"532","jllptl","window"
"533","nkiova","window"
"534","deqocp","window"
"535","mdvpve","window"
"536","sixhte","window"
"537","dwvbzl","door"
"538","vunnqq","door"
"539","emxykh","door"
"540","dwvbzl","door"
"541","kfzzws","window"
"542","kwohyq","transformers"
"543","jbllxg","facade"
"544","yjyutc","transformers"
"545","fhetog","transformers"
"546","ccrblh","transformers"
"547","zqbyel","transformers"
"548","ejvddi","transformers"
"549","bapijd","transformers"
"550","vhbtlb","facade"
"551","kaguxu","facade"
"552","ulfdpv","transformers"
"553","wthkgv","transformers"
"554","nppxch","transformers"
"555","gbujim","transformers"
"556","thdqjp","transformers"
"557","xygyyh","transformers"
"558","xcqbon","transformers"
"559","adpsxi","door"
"560","rghhse","facade"
"561","wayjxe","facade"
"562","vwuvzf","transformers"
"563","fnyhcb","transformers"
"564","lhatbx","transformers"
"565","pktuib","facade"
"566","lrrmsw","facade"
"567","natwpm","parking_meter"
"568","schgpn","facade"
"569","schgpn","facade"
"570","hfmhjn","facade"
"571","ffvnsd","door"
"572","ipudht","facade"
"573","sgnovk","bench"
"574","kbizpt","bench"
"575","pctjsw","bench"
"576","usarbz","bench"
"577","sgnovk","facade"
"578","onzppx","facade"
"579","yeroka","facade"
"580","pspdqg","facade"
"581","evdyks","facade"
"582","afwcfh","facade"
"583","lfqzhv","facade"
"584","onzppx","facade"
"585","wdbxzc","facade"
"586","gkpyxa","facade"
"587","kiwdof","facade"
"588","ulfdpv","facade"
"589","usdnrs","facade"
"590","rykfij","facade"
"591","logmpx","facade"
"592","logmpx","facade"
"593","nudywd","door"
"594","xhrjzj","door"
"595","qsexzy","door"
"596","rfeepa","door"
"597","kahhso","facade"
"598","oerbhj","facade"
"599","qmgmoz","facade"
"600","ueijbd","facade"
"601","ufphef","facade"
"602","oerbhj","facade"
"603","oerbhj","transformers"
"604","caxojp","transformers"
"605","ueijbd","transformers"
"606","zvpjqv","shutter"
"607","gbujim","shutter"
"608","ahggcs","shutter"
"609","ylavbr","shutter"
"610","znauvv","shutter"
"611","vugpbh","shutter"
"612","kolkgh","shutter"
"613","sgnovk","shutter"
"614","msupye","shutter"
"615","tbqmqu","facade"
"616","vgilwn","transformers"
"617","ulfdpv","transformers"
"618","miqgga","transformers"
"619","gbnsmv","transformers"
"620","ccrblh","transformers"
"621","zxxoab","facade"
"622","rtjnyq","traffic_sign"
"623","ulfdpv","facade"
"624","vgilwn","facade"
"625","pfincj","facade"
"626","rghhse","facade"
"627","zvngxd","facade"
"628","nokkmp","transformers"
"629","oejthg","transformers"
"630","ozsael","window"
"631","qmgmoz","window"
"632","ueijbd","window"
"633","ueijbd","window"
"634","qmgmoz","facade"
"635","ueijbd","facade"
"636","aiuffe","facade"
"637","oejthg","facade"
"638","ozjtcf","facade"
"639","tdrscu","facade"
"640","qmgmoz","parking_meter"
"641","oejthg","parking_meter"
"642","ozsael","parking_meter"
"643","qmgmoz","parking_meter"
"644","ueijbd","parking_meter"
"645","mvfnha","parking_meter"
"646","nvheqm","facade"
"647","ueijbd","facade"
"648","oerbhj","facade"
"649","ueijbd","facade"
"650","ueijbd","facade"
"651","chcbgj","facade"
"652","oejthg","facade"
"653","ueijbd","facade"
"654","ueijbd","facade"
"655","qmgmoz","facade"
"656","qmgmoz","facade"
"657","ozsael","facade"
"658","jlryeq","facade"
"659","joscva","facade"
"660","oejthg","facade"
"661","zaqrnx","facade"
"662","joscva","facade"
"663","gvfjqo","transformers"
"664","vgilwn","shutter"
"665","ulfdpv","shutter"
"666","dexkzf","shutter"
"667","vtegvm","shutter"
"668","rbfjjc","shutter"
"669","nppxch","transformers"
"670","kiwdof","transformers"
"671","wlyccv","transformers"
"672","rvlozf","transformers"
"673","rghhse","facade"
"674","miqgga","facade"
"675","ulfdpv","facade"
"676","ueijbd","facade"
"677","ccrblh","transformers"
"678","osaacb","transformers"
"679","zqbyel","transformers"
"680","tldrjx","transformers"
"681","kwohyq","transformers"
"682","kwohyq","transformers"
"683","kwohyq","transformers"
"684","ulfdpv","facade"
"685","vgilwn","facade"
"686","miqgga","facade"
"687","oerbhj","transformers"
"688","ylavbr","transformers"
"689","gkpyxa","transformers"
"690","ulfdpv","transformers"
"691","oerbhj","transformers"
"692","gltbgk","traffic_sign"
"693","cmgzqd","transformers"
"694","pbxivf","garage_door"
"695","vgilwn","transformers"
"696","ulfdpv","transformers"
"697","exofjg","transformers"
"698","rnvxxz","door"
"699","rukjuy","door"
"700","exofjg","transformers"
"701","xsicyv","transformers"
"702","ilqbqs","transformers"
"703","oerbhj","traffic_sign"
"704","nwhkfi","transformers"
"705","rhjiys","transformers"
"706","tldrjx","transformers"
"707","kwohyq","transformers"
"708","fqkwfz","transformers"
"709","qneunr","transformers"
"710","wbsobb","transformers"
"711","nqdznj","transformers"
"712","afhukb","transformers"
"713","vzgrtm","transformers"
"714","kfzzws","transformers"
"715","urmtud","transformers"
"716","yeqmnq","transformers"
"717","rtjnyq","facade"
"718","zgrvkj","facade"
"719","fpwvey","shutter"
"720","nehxgf","shutter"
"721","pfincj","shutter"
"722","vtnilh","shutter"
"723","elmrmd","shutter"
"724","unsynr","shutter"
"725","zpassk","shutter"
"726","qolfsd","shutter"
"727","psklaf","shutter"
"728","jzvxjk","shutter"
"729","ulfdpv","shutter"
"730","tjziyt","shutter"
"731","pfincj","shutter"
"732","zjtcdb","facade"
"733","wtinbv","facade"
"734","sjnfho","facade"
"735","pspdqg","facade"
"736","xhrjzj","bridge"
"737","dwvbzl","bridge"
"738","qolfsd","door"
"739","qolfsd","door"
"740","btmzcy","door"
"741","ebjymh","door"
"742","eixzdv","bridge"
"743","geazoe","facade"
"744","gkpyxa","facade"
"745","ulfdpv","facade"
"746","nppxch","facade"
"747","nypepr","facade"
"748","rtjnyq","facade"
"749","joscva","facade"
"750","zzfaez","facade"
"751","kahhso","facade"
"752","reozin","facade"
"753","zqbyel","facade"
"754","reozin","facade"
"755","kuafqt","door"
"756","mpiurw","door"
"757","ranfrz","door"
"758","hgxmgj","facade"
"759","nyrbci","facade"
"760","wdbxzc","facade"
"761","mombpx","facade"
"762","wdafov","facade"
"763","xwjxcr","facade"
"764","zzfaez","facade"
"765","ylavbr","facade"
"766","zxresj","facade"
"767","xzgjry","facade"
"768","cniulx","facade"
"769","dwvbzl","transformers"
"770","dlenhg","transformers"
"771","doirgc","transformers"
"772","wqgpnv","transformers"
"773","zqbyel","transformers"
"774","ojheqy","transformers"
"775","fhetog","facade"
"776","iencnd","facade"
"777","dwvbzl","facade"
"778","zqbyel","facade"
"779","gkpyxa","facade"
"780","vgilwn","facade"
"781","ulfdpv","facade"
"782","ebjymh","facade"
"783","xhrjzj","facade"
"784","ebjymh","facade"
"785","spkbve","facade"
"786","ulfdpv","facade"
"787","psbaun","transformers"
"788","kfzzws","facade"
"789","onzppx","facade"
"790","rtjnyq","facade"
"791","zzfaez","garage_door"
"792","vllnsu","door"
"793","hfimfb","door"
"794","vllnsu","door"
"795","kcngiy","door"
"796","ptxopu","door"
"797","tldvct","door"
"798","txgewp","door"
"799","eornbh","transformers"
"800","nnpsob","transformers"
"801","shkcze","transformers"
"802","rghhse","transformers"
"803","tjziyt","transformers"
"804","abuoei","transformers"
"805","miqgga","facade"
"806","ulfdpv","facade"
"807","rnvxxz","door"
"808","rukjuy","door"
"809","rnvxxz","door"
"810","rukjuy","door"
"811","rnvxxz","door"
"812","rukjuy","door"
"813","rnvxxz","door"
"814","rukjuy","door"
"815","rnvxxz","door"
"816","rukjuy","door"
"817","rghhse","transformers"
"818","vskscx","transformers"
"819","menfvz","transformers"
"820","rghhse","transformers"
"821","rtjnyq","transformers"
"822","hrpyhg","transformers"
"823","tignyl","transformers"
"824","xkqjjw","transformers"
"825","rhjiys","door"
"826","razkvx","door"
"827","razkvx","door"
"828","razkvx","door"
"829","xhrjzj","transformers"
"830","dwvbzl","facade"
"831","miqgga","facade"
"832","ulfdpv","facade"
"833","urwtvk","facade"
"834","ovwuug","facade"
"835","rnvxxz","facade"
"836","rukjuy","facade"
"837","zzfaez","transformers"
"838","rppepj","transformers"
"839","tspejx","transformers"
"840","onzppx","transformers"
"841","zzfaez","transformers"
"842","hfmhjn","transformers"
"843","znycfl","transformers"
"844","wmsymd","transformers"
"845","qrqusv","transformers"
"846","rppepj","facade"
"847","cjkqbi","facade"
"848","lajikh","facade"
"849","ulfdpv","facade"
"850","zzfaez","facade"
"851","oakyhl","window"
"852","onzppx","facade"
"853","plujxn","facade"
"854","plujxn","facade"
"855","rppepj","facade"
"856","znycfl","window"
"857","oakyhl","window"
"858","kamdyb","door"
"859","jdyxal","door"
"860","cmlhuy","door"
"861","znauvv","door"
"862","xgiwvr","door"
"863","trklhs","door"
"864","ualdsk","door"
"865","nxkkkj","door"
"866","dyrzqj","transformers"
"867","fsvint","transformers"
"868","fsvint","door"
"869","xhmvzw","facade"
"870","vunnqq","facade"
"871","bysjbl","bridge"
"872","rbfjjc","bridge"
"873","rbfjjc","bridge"
"874","bysjbl","bridge"
"875","nyemul","bridge"
"876","smwbzn","bridge"
"877","hefzdl","facade"
"878","afhukb","facade"
"879","xuvrgj","facade"
"880","xmgjrt","facade"
"881","tldvct","facade"
"882","ismdvb","facade"
"883","mugchp","facade"
"884","poqczt","facade"
"885","mqotum","facade"
"886","npomxp","facade"
"887","mjhios","garage_door"
"888","oeqgts","garage_door"
"889","fdoriy","garage_door"
"890","tjziyt","facade"
"891","ipzoaz","facade"
"892","hqsfou","facade"
"893","zlegaq","facade"
"894","trvgst","facade"
"895","zlpmwu","facade"
"896","segbtq","facade"
"897","ylavbr","facade"
"898","kfzzws","window"
"899","ogxxwh","window"
"900","ueijbd","window"
"901","rydtyo","window"
"902","ulfdpv","facade"
"903","rhjiys","facade"
"904","pspdqg","facade"
"905","ahggcs","facade"
"906","uugntj","facade"
"907","zzcclz","facade"
"908","qjindg","transformers"
"909","kaguxu","traffic_sign"
"910","perazz","traffic_sign"
"911","uybapo","traffic_sign"
"912","cmfmlq","traffic_sign"
"913","cmfmlq","traffic_sign"
"914","cmfmlq","traffic_sign"
"915","nacodx","traffic_sign"
"916","qmgmoz","traffic_sign"
"917","qmgmoz","traffic_sign"
"918","ulfdpv","transformers"
"919","vgilwn","transformers"
"920","onzppx","transformers"
"921","ulfdpv","facade"
"922","wdbxzc","door"
"923","bodvnx","facade"
"924","zzcclz","facade"
"925","yeroka","facade"
"926","qndkma","facade"
"927","oerbhj","facade"
"928","ltiqvv","facade"
"929","pwtwpd","facade"
"930","ltiqvv","facade"
"931","pwtwpd","facade"
"932","deqocp","facade"
"933","ltiqvv","facade"
"934","pwtwpd","facade"
"935","rghhse","facade"
"936","escufo","door"
"937","nyddph","door"
"938","nkiova","door"
"939","ltiqvv","door"
"940","ueijbd","door"
"941","cfyvpg","door"
"942","deqocp","facade"
"943","hqwkgk","transformers"
"944","bhttig","transformers"
"945","gbnsmv","transformers"
"946","rnvxxz","transformers"
"947","rukjuy","transformers"
"948","rnvxxz","transformers"
"949","rukjuy","transformers"
"950","htebvh","facade"
"951","htebvh","facade"
"952","htebvh","facade"
"953","htebvh","facade"
"954","nqspxk","facade"
"955","iwdoim","facade"
"956","psklaf","facade"
"957","miqgga","facade"
"958","cipnck","facade"
"959","ueijbd","facade"
"960","qmgmoz","facade"
"961","ueijbd","facade"
"962","ueijbd","transformers"
"963","ulfdpv","transformers"
"964","evyawn","transformers"
"965","vskscx","transformers"
"966","sjimpx","facade"
"967","afavaj","transformers"
"968","uekorj","transformers"
"969","bfanww","facade"
"970","lkkcqz","facade"
"971","onzppx","facade"
"972","xxuvwk","facade"
"973","jdyxal","door"
"974","qkhryz","facade"
"975","xxuvwk","facade"
"976","ulfdpv","facade"
"977","gibgve","facade"
"978","miqgga","facade"
"979","flzdvc","facade"
"980","rqsnaa","facade"
"981","uiyzns","facade"
"982","fpwvey","facade"
"983","aolsdk","facade"
"984","jydlsw","facade"
"985","aeqwms","facade"
"986","yposeh","facade"
"987","gimgjy","facade"
"988","ueijbd","transformers"
"989","zzfaez","transformers"
"990","reozin","transformers"
"991","rnvxxz","facade"
"992","rukjuy","facade"
"993","dwvbzl","facade"
"994","cfyvpg","facade"
"995","oerbhj","facade"
"996","deqocp","door"
"997","nkiova","door"
"998","cyorjf","door"
"999","zzfaez","door"
"1000","ueijbd","door"
"1001","kwohyq","door"
"1002","rghhse","door"
"1003","adpsxi","facade"
"1004","kkfagc","facade"
"1005","bygmkn","facade"
"1006","bygmkn","facade"
"1007","qtwskh","facade"
"1008","dwvbzl","facade"
"1009","miqgga","facade"
"1010","ulfdpv","facade"
"1011","jzvxjk","garage_door"
"1012","ylavbr","facade"
"1013","dunpuf","transformers"
"1014","fhetog","transformers"
"1015","vskscx","transformers"
"1016","vskscx","transformers"
"1017","vskscx","transformers"
"1018","vskscx","transformers"
"1019","kjykza","facade"
"1020","ylavbr","facade"
"1021","vrerur","facade"
"1022","ueijbd","facade"
"1023","jhdfwu","facade"
"1024","tjziyt","facade"
"1025","heefes","facade"
"1026","wqltsq","facade"
"1027","drehbb","facade"
"1028","kuujiw","facade"
"1029","kuujiw","facade"
"1030","pfincj","facade"
"1031","jzvxjk","facade"
"1032","ylavbr","facade"
"1033","zzfaez","facade"
"1034","qmgmoz","facade"
"1035","pfincj","facade"
"1036","ufphef","facade"
"1037","deqocp","facade"
"1038","hfmhjn","parking_meter"
"1039","afhukb","parking_meter"
"1040","dwvbzl","facade"
"1041","tjziyt","transformers"
"1042","otjlyb","facade"
"1043","ymqdng","facade"
"1044","rhjiys","facade"
"1045","ulfdpv","transformers"
"1046","vskscx","transformers"
"1047","vskscx","transformers"
"1048","vskscx","transformers"
"1049","rrjdbk","facade"
"1050","ilwnci","transformers"
"1051","ulfdpv","transformers"
"1052","doirgc","transformers"
"1053","xhrjzj","transformers"
"1054","gkpyxa","transformers"
"1055","yjyutc","transformers"
"1056","qmgmoz","transformers"
"1057","ueijbd","transformers"
"1058","oerbhj","transformers"
"1059","ojheqy","shutter"
"1060","uoudmx","shutter"
"1061","hpcykd","shutter"
"1062","caxojp","shutter"
"1063","dunpuf","shutter"
"1064","dtnbfw","facade"
"1065","vskscx","transformers"
"1066","kwohyq","transformers"
"1067","vunnqq","transformers"
"1068","oerbhj","transformers"
"1069","kahhso","transformers"
"1070","xaylmg","transformers"
"1071","kahhso","transformers"
"1072","omdueo","transformers"
"1073","ylavbr","transformers"
"1074","kahhso","transformers"
"1075","reozin","transformers"
"1076","fqoyhn","transformers"
"1077","qzzxta","transformers"
"1078","psklaf","transformers"
"1079","wdbxzc","transformers"
"1080","cwbofi","door"
"1081","fvafxs","door"
"1082","nnxsfo","facade"
"1083","uuckqd","door"
"1084","xdoxdj","bus_shelter"
"1085","yjyutc","facade"
"1086","vndljy","transformers"
"1087","nehxgf","facade"
"1088","mrejkl","facade"
"1089","tssxyk","facade"
"1090","mauewn","facade"
"1091","nehxgf","facade"
"1092","zxitck","facade"
"1093","zxitck","facade"
"1094","homhed","facade"
"1095","mphtzo","facade"
"1096","hiinqy","transformers"
"1097","kolkgh","facade"
"1098","kolkgh","facade"
"1099","zvpjqv","facade"
"1100","zvpjqv","facade"
"1101","psklaf","transformers"
"1102","psklaf","transformers"
"1103","nehxgf","transformers"
"1104","loxtcf","door"
"1105","gcbitc","door"
"1106","objtoe","door"
"1107","qtznfg","door"
"1108","tjziyt","door"
"1109","cldbjy","door"
"1110","iqhcqu","door"
"1111","jzvxjk","door"
"1112","vuikgq","door"
"1113","gwfstd","door"
"1114","rxboni","door"
"1115","vunnqq","facade"
"1116","wdafov","facade"
"1117","cldbjy","facade"
"1118","mzzzaj","facade"
"1119","lsnmxv","facade"
"1120","loxtcf","facade"
"1121","yaunpy","facade"
"1122","eesjlq","facade"
"1123","oiysiz","facade"
"1124","jirmes","facade"
"1125","cfyvpg","facade"
"1126","nehxgf","facade"
"1127","gbujim","transformers"
"1128","zqbyel","facade"
"1129","kuujiw","bus_shelter"
"1130","oerbhj","bus_shelter"
"1131","ueijbd","bus_shelter"
"1132","ffmdfr","door"
"1133","nwtawl","facade"
"1134","ccxhdq","transformers"
"1135","wkugoa","facade"
"1136","bddogw","facade"
"1137","fhetog","transformers"
"1138","rtjnyq","facade"
"1139","kiwdof","transformers"
"1140","iqlvvc","transformers"
"1141","akqqaz","window"
"1142","joscva","window"
"1143","abswod","facade"
"1144","rhjiys","facade"
"1145","rhjiys","facade"
"1146","nvheqm","facade"
"1147","rhjiys","parking_meter"
"1148","opdjch","facade"
"1149","rablsx","facade"
"1150","oguzsp","facade"
"1151","kaguxu","transformers"
"1152","wtinbv","facade"
"1153","vunnqq","door"
"1154","vunnqq","door"
"1155","wvrvwl","facade"
"1156","mxjixz","facade"
"1157","xuvhjt","facade"
"1158","oquvyc","facade"
"1159","pspdqg","facade"
"1160","iyebdm","facade"
"1161","jhdgaf","facade"
"1162","bapijd","facade"
"1163","sudpkm","facade"
"1164","ycsywl","facade"
"1165","sxxvij","facade"
"1166","mzzzaj","facade"
"1167","wtinbv","facade"
"1168","orhtyl","facade"
"1169","efhvgz","facade"
"1170","wtinbv","facade"
"1171","vctwxl","facade"
"1172","bofpqc","facade"
"1173","adpsxi","facade"
"1174","dwvbzl","facade"
"1175","sngllh","facade"
"1176","teegvj","facade"
"1177","bapijd","door"
"1178","fhetog","door"
"1179","fhetog","facade"
"1180","ccrblh","facade"
"1181","ccrblh","facade"
"1182","ivpsyc","facade"
"1183","nehxgf","bridge"
"1184","psklaf","bridge"
"1185","jbleri","facade"
"1186","onytpb","facade"
"1187","pspdqg","facade"
"1188","rbfjjc","facade"
"1189","awvfhi","facade"
"1190","fpicjn","facade"
"1191","ascjcd","facade"
"1192","joscva","door"
"1193","emxykh","door"
"1194","mxjixz","shutter"
"1195","kfzzws","shutter"
"1196","bpjvor","shutter"
"1197","jrllns","shutter"
"1198","kahhso","transformers"
"1199","dwvbzl","facade"
"1200","ghspte","transformers"
"1201","psklaf","door"
"1202","ueijbd","door"
"1203","tjziyt","door"
"1204","ebjymh","door"
"1205","xquuyw","door"
"1206","vunnqq","transformers"
"1207","vunnqq","transformers"
"1208","rghhse","transformers"
"1209","nppxch","facade"
"1210","uyfifb","transformers"
"1211","fhetog","facade"
"1212","ulfdpv","transformers"
"1213","psklaf","facade"
"1214","tbqmqu","facade"
"1215","cygtvt","facade"
"1216","vwhpch","facade"
"1217","ulfdpv","facade"
"1218","vgilwn","facade"
"1219","pvzdss","transformers"
"1220","vgilwn","transformers"
"1221","psysuk","facade"
"1222","vunnqq","bridge"
"1223","lqvlrm","facade"
"1224","kyvurj","facade"
"1225","gikjhy","facade"
"1226","tjjccq","facade"
"1227","tcqyrv","facade"
"1228","ahqqng","facade"
"1229","ahqqng","facade"
"1230","ahqqng","facade"
"1231","nitvqc","facade"
"1232","doirgc","facade"
"1233","gkpyxa","facade"
"1234","vgilwn","facade"
"1235","ulfdpv","facade"
"1236","onzppx","facade"
"1237","ebjymh","facade"
"1238","miqgga","facade"
"1239","kaguxu","facade"
"1240","ulfdpv","facade"
"1241","miqgga","facade"
"1242","ulfdpv","facade"
"1243","miqgga","facade"
"1244","keuhyg","garbage_can"
"1245","opdjch","garbage_can"
"1246","ehaemm","garbage_can"
"1247","kutrrs","garbage_can"
"1248","updshi","garbage_can"
"1249","vskscx","garbage_can"
"1250","psbxta","garbage_can"
"1251","spvyri","transformers"
"1252","pfincj","door"
"1253","tbqmqu","facade"
"1254","stirhk","garage_door"
"1255","dwvbzl","facade"
"1256","vunnqq","shutter"
"1257","ulfdpv","facade"
"1258","miqgga","facade"
"1259","ulfdpv","facade"
"1260","gkpyxa","facade"
"1261","kiwdof","facade"
"1262","loxtcf","facade"
"1263","vskscx","facade"
"1264","zmhzeq","facade"
"1265","daqtwz","traffic_sign"
"1266","lhqxub","traffic_sign"
"1267","ujjmgu","traffic_sign"
"1268","kmyrnw","traffic_sign"
"1269","cpftht","traffic_sign"
"1270","dbwybx","transformers"
"1271","dyfsfo","transformers"
"1272","ysoupt","facade"
"1273","dpcxlo","facade"
"1274","ufphef","facade"
"1275","fynlhl","door"
"1276","trkqcc","facade"
"1277","kahhso","facade"
"1278","tsysrj","facade"
"1279","pspdqg","facade"
"1280","ulfdpv","facade"
"1281","doirgc","facade"
"1282","kahhso","facade"
"1283","iivbfo","facade"
"1284","iivbfo","facade"
"1285","rpsnyq","window"
"1286","cwkhvy","facade"
"1287","sznytc","facade"
"1288","jpzwuj","facade"
"1289","edubkj","facade"
"1290","onzppx","shutter"
"1291","cfugrm","shutter"
"1292","ulfdpv","shutter"
"1293","gkpyxa","shutter"
"1294","nyddph","facade"
"1295","mmregn","facade"
"1296","dunpuf","facade"
"1297","awvfhi","facade"
"1298","rbfjjc","facade"
"1299","joscva","facade"
"1300","jywzdg","facade"
"1301","ccrblh","facade"
"1302","cfugrm","facade"
"1303","cwfbiz","facade"
"1304","omdueo","facade"
"1305","ucnjmj","facade"
"1306","prbvsf","facade"
"1307","emxykh","facade"
"1308","kqidbp","facade"
"1309","jjywsx","facade"
"1310","yjyutc","facade"
"1311","rghhse","facade"
"1312","ppupiv","facade"
"1313","gkpyxa","facade"
"1314","reozin","facade"
"1315","ulfdpv","facade"
"1316","enkuug","facade"
"1317","ebjymh","facade"
"1318","deqocp","facade"
"1319","rtjnyq","facade"
"1320","lycxke","facade"
"1321","poqczt","facade"
"1322","vjbzhb","facade"
"1323","eixzdv","facade"
"1324","mauxef","facade"
"1325","jrllns","facade"
"1326","onzppx","facade"
"1327","loxtcf","parking_meter"
"1328","iyhcfi","facade"
"1329","ddctui","facade"
"1330","xxuvwk","facade"
"1331","bpuijg","facade"
"1332","pctrke","facade"
"1333","pbwely","facade"
"1334","jdyxal","shutter"
"1335","ahmsqb","shutter"
"1336","sntqmw","shutter"
"1337","yplmqo","shutter"
"1338","cygtvt","shutter"
"1339","vugpbh","shutter"
"1340","rlnxei","shutter"
"1341","pghwuq","shutter"
"1342","dfankv","shutter"
"1343","dpboss","shutter"
"1344","vndljy","shutter"
"1345","oqbbty","shutter"
"1346","jrxpzr","shutter"
"1347","wgynmc","shutter"
"1348","mcusws","shutter"
"1349","onzppx","shutter"
"1350","iagwcj","shutter"
"1351","ylktqh","shutter"
"1352","wtinbv","shutter"
"1353","iagwcj","shutter"
"1354","wujmce","shutter"
"1355","dwvbzl","shutter"
"1356","gmzkqb","shutter"
"1357","edajcp","facade"
"1358","nppxch","facade"
"1359","liukal","facade"
"1360","gmzkqb","facade"
"1361","vwhpch","facade"
"1362","onzppx","facade"
"1363","dqhscq","facade"
"1364","nkkamr","facade"
"1365","gbujim","garbage_can"
"1366","joscva","garbage_can"
"1367","ulpici","garbage_can"
"1368","nvvobf","garbage_can"
"1369","afhukb","shutter"
"1370","ztzuya","shutter"
"1371","oxymqp","shutter"
"1372","rpqjbc","shutter"
"1373","rgudcg","shutter"
"1374","lwkkou","shutter"
"1375","buzhym","shutter"
"1376","wtinbv","shutter"
"1377","oxymqp","shutter"
"1378","wspkmh","facade"
"1379","qornmi","facade"
"1380","kuafqt","shutter"
"1381","awvfhi","shutter"
"1382","xhrjzj","shutter"
"1383","xlgqyk","shutter"
"1384","igdwal","shutter"
"1385","odtegk","shutter"
"1386","nyloyv","shutter"
"1387","miqgga","shutter"
"1388","ulfdpv","shutter"
"1389","ndsvgx","shutter"
"1390","wtinbv","door"
"1391","iwxzra","garage_door"
"1392","gcaiew","facade"
"1393","vhzsuq","facade"
"1394","afhukb","shutter"
"1395","uzbohp","shutter"
"1396","tvyfca","facade"
"1397","psjjyz","facade"
"1398","iqlrkc","door"
"1399","kuujiw","facade"
"1400","qjindg","facade"
"1401","fqljwi","facade"
"1402","zebxlj","facade"
"1403","zhlfqp","facade"
"1404","punbzk","facade"
"1405","tnsioo","facade"
"1406","cipnck","facade"
"1407","fqljwi","parking_meter"
"1408","kuujiw","parking_meter"
"1409","kuujiw","parking_meter"
"1410","kgspdd","parking_meter"
"1411","qolfsd","parking_meter"
"1412","oerbhj","transformers"
"1413","fqljwi","transformers"
"1414","kuujiw","transformers"
"1415","cipnck","transformers"
"1416","qjindg","transformers"
"1417","kuujiw","bench"
"1418","kuujiw","traffic_sign"
"1419","prbzwk","transformers"
"1420","kuujiw","bus_shelter"
"1421","punbzk","bus_shelter"
"1422","kuujiw","bus_shelter"
"1423","kuujiw","bus_shelter"
"1424","punbzk","bus_shelter"
"1425","fqxvhm","bus_shelter"
"1426","fqxvhm","bus_shelter"
"1427","qjindg","transformers"
"1428","qjindg","transformers"
"1429","qjindg","transformers"
"1430","qjindg","transformers"
"1431","qjindg","transformers"
"1432","oerbhj","transformers"
"1433","ccrblh","transformers"
"1434","wtinbv","transformers"
"1435","liukal","transformers"
"1436","liukal","transformers"
"1437","liukal","transformers"
"1438","ccwjxp","transformers"
"1439","qjindg","door"
"1440","fkxddp","facade"
"1441","hjajxr","facade"
"1442","ccrblh","transformers"
"1443","zqbyel","facade"
"1444","hjajxr","facade"
"1445","gkpyxa","facade"
"1446","vgilwn","facade"
"1447","ulfdpv","facade"
"1448","miqgga","facade"
"1449","ulfdpv","facade"
"1450","vwhpch","facade"
"1451","adpsxi","facade"
"1452","zzfaez","facade"
"1453","ulfdpv","facade"
"1454","miqgga","facade"
"1455","qybivw","facade"
"1456","qtcxtw","facade"
"1457","ztfdmr","facade"
"1458","cxxzoz","facade"
"1459","reozin","facade"
"1460","ucnjmj","facade"
"1461","yposeh","facade"
"1462","omdueo","facade"
"1463","dwvbzl","facade"
"1464","nitvqc","facade"
"1465","twgfbc","transformers"
"1466","nkiova","transformers"
"1467","deqocp","transformers"
"1468","hcqdhq","facade"
"1469","xvdjnf","facade"
"1470","xvdjnf","facade"
"1471","pspdqg","facade"
"1472","jrllns","facade"
"1473","cxeeti","facade"
"1474","gqlywq","facade"
"1475","wbsobb","facade"
"1476","ujpxbx","facade"
"1477","wbsobb","facade"
"1478","ahggcs","facade"
"1479","zdrbyn","facade"
"1480","hfmhjn","facade"
"1481","mzzzaj","facade"
"1482","pghwuq","facade"
"1483","jwilsh","facade"
"1484","khboje","facade"
"1485","cxsgkw","facade"
"1486","vzgrtm","facade"
"1487","xvdjnf","facade"
"1488","xfecla","facade"
"1489","poqczt","facade"
"1490","tvyfca","facade"
"1491","mxjixz","facade"
"1492","joscva","facade"
"1493","fhetog","facade"
"1494","kiwdof","facade"
"1495","qzrolk","facade"
"1496","wbsobb","facade"
"1497","jzvxjk","facade"
"1498","pspdqg","facade"
"1499","wtinbv","facade"
"1500","mhqnej","facade"
"1501","mnhzyi","facade"
"1502","wbsobb","transformers"
"1503","qpjhdz","transformers"
"1504","kiwdof","facade"
"1505","trcauo","facade"
"1506","emxykh","facade"
"1507","jzvxjk","facade"
"1508","nppxch","facade"
"1509","yiebnz","door"
"1510","zpvwbo","facade"
"1511","zpvwbo","door"
"1512","deqocp","door"
"1513","deqocp","door"
"1514","qtrtxw","door"
"1515","afhukb","door"
"1516","ettwcr","door"
"1517","nelovl","door"
"1518","eoorek","door"
"1519","zngseg","door"
"1520","zpvwbo","facade"
"1521","miqgga","facade"
"1522","yjyutc","facade"
"1523","jagzuw","facade"
"1524","ulfdpv","facade"
"1525","flqcvb","facade"
"1526","kolkgh","door"
"1527","fgvqsm","door"
"1528","deqocp","door"
"1529","deqocp","door"
"1530","deqocp","door"
"1531","vodatd","door"
"1532","poqczt","door"
"1533","ulfdpv","door"
"1534","miqgga","door"
"1535","cmgzqd","door"
"1536","vpnrer","door"
"1537","kahhso","door"
"1538","kfzzws","facade"
"1539","dunpuf","facade"
"1540","awvfhi","facade"
"1541","rghhse","facade"
"1542","lycxke","facade"
"1543","lawpej","facade"
"1544","tunyqx","facade"
"1545","xxoqft","shutter"
"1546","srspop","door"
"1547","eflwcl","door"
"1548","ifbjtd","door"
"1549","hqwkgk","door"
"1550","bhttig","door"
"1551","mmtbha","facade"
"1552","znycfl","facade"
"1553","wbsobb","facade"
"1554","pcllqv","facade"
"1555","uwvrfv","facade"
"1556","zfszii","facade"
"1557","ogxxwh","facade"
"1558","kfzzws","facade"
"1559","ltiqvv","facade"
"1560","shetbw","facade"
"1561","wrtcrl","facade"
"1562","ylavbr","facade"
"1563","mhclsi","transformers"
"1564","sdruww","transformers"
"1565","thysrq","facade"
"1566","sdruww","transformers"
"1567","tgphfd","facade"
"1568","lwdezq","facade"
"1569","amzvje","facade"
"1570","ohioou","facade"
"1571","wsnvnc","facade"
"1572","lnsrsx","facade"
"1573","inkspu","facade"
"1574","edxggq","facade"
"1575","icmxvt","facade"
"1576","ebouvg","door"
"1577","vuotep","facade"
"1578","znauvv","facade"
"1579","zmcnan","facade"
"1580","xhrjzj","facade"
"1581","imhczh","facade"
"1582","ogkcnf","facade"
"1583","mndsfb","facade"
"1584","ylavbr","transformers"
"1585","bpznqq","facade"
"1586","xvoamm","facade"
"1587","pvokrl","facade"
"1588","ogkcnf","facade"
"1589","cygtvt","facade"
"1590","xdjmsw","facade"
"1591","kahhso","facade"
"1592","rghhse","facade"
"1593","nelovl","facade"
"1594","umyqvl","facade"
"1595","fdfvdm","facade"
"1596","cmxzod","facade"
"1597","onzppx","facade"
"1598","zmcnan","facade"
"1599","aljmkp","facade"
"1600","ogkcnf","facade"
"1601","kiwdof","facade"
"1602","trcauo","facade"
"1603","aacmsv","facade"
"1604","kiwdof","facade"
"1605","trcauo","facade"
"1606","tuqlzs","transformers"
"1607","ogkcnf","transformers"
"1608","ogkcnf","transformers"
"1609","yghmjs","transformers"
"1610","paovdw","transformers"
"1611","kpaalv","facade"
"1612","tuqlzs","transformers"
"1613","fvjccr","transformers"
"1614","miqgga","transformers"
"1615","vgilwn","transformers"
"1616","ulfdpv","transformers"
"1617","kpaalv","transformers"
"1618","ulfdpv","transformers"
"1619","lnsrsx","transformers"
"1620","wtinbv","transformers"
"1621","qjindg","facade"
"1622","lusaiw","facade"
"1623","oppsyy","facade"
"1624","ogkcnf","facade"
"1625","yghmjs","facade"
"1626","ogkcnf","window"
"1627","tbuiqh","transformers"
"1628","tuiene","bridge"
"1629","qpjhdz","bridge"
"1630","qslgqg","facade"
"1631","aacmsv","facade"
"1632","ddryqb","facade"
"1633","kpaalv","facade"
"1634","dzgslw","transformers"
"1635","kpaalv","traffic_sign"
"1636","qjindg","facade"
"1637","kpaalv","facade"
"1638","miqgga","bridge"
"1639","ogkcnf","bridge"
"1640","yghmjs","bridge"
"1641","miqgga","traffic_sign"
"1642","bmnila","transformers"
"1643","hjajxr","transformers"
"1644","rppcrt","transformers"
"1645","mbpcob","transformers"
"1646","rpsnyq","transformers"
"1647","shykzz","facade"
"1648","shykzz","facade"
"1649","rcgnhi","facade"
"1650","rmnsmn","facade"
"1651","cfugrm","facade"
"1652","tjbdhu","transformers"
"1653","tjbdhu","transformers"
"1654","bzydrd","transformers"
"1655","kiwdof","facade"
"1656","trcauo","facade"
"1657","kgeejw","facade"
"1658","mmregn","facade"
"1659","kuujiw","facade"
"1660","mmregn","facade"
"1661","dunpuf","facade"
"1662","trcauo","facade"
"1663","mmregn","facade"
"1664","kiwdof","facade"
"1665","ccrblh","facade"
"1666","kiwdof","facade"
"1667","dunpuf","door"
"1668","nkiova","door"
"1669","dwvbzl","door"
"1670","dwvbzl","door"
"1671","ulfdpv","facade"
"1672","reozin","facade"
"1673","ymsnag","facade"
"1674","jrllns","facade"
"1675","dunpuf","facade"
"1676","coefze","facade"
"1677","vnsstv","facade"
"1678","onzppx","facade"
"1679","schgpn","facade"
"1680","xrwwxo","facade"
"1681","ettbrd","facade"
"1682","omdueo","facade"
"1683","miqgga","facade"
"1684","ulfdpv","facade"
"1685","deqocp","facade"
"1686","dwvbzl","facade"
"1687","mwjqfi","facade"
"1688","lcskmv","facade"
"1689","qlzvoe","facade"
"1690","occwrk","facade"
"1691","nveivm","facade"
"1692","ccrblh","facade"
"1693","vgilwn","transformers"
"1694","ulfdpv","transformers"
"1695","hyurtx","transformers"
"1696","vskscx","transformers"
"1697","qjindg","facade"
"1698","xogyjy","transformers"
"1699","isavrc","transformers"
"1700","qvamma","shutter"
"1701","whdfxj","transformers"
"1702","deqocp","facade"
"1703","nkiova","facade"
"1704","pqmhdf","facade"
"1705","pqmhdf","facade"
"1706","joscva","facade"
"1707","hyurtx","facade"
"1708","zzfaez","facade"
"1709","joscva","facade"
"1710","hyurtx","facade"
"1711","ogkcnf","transformers"
"1712","qjindg","transformers"
"1713","nehxgf","transformers"
"1714","vunnqq","transformers"
"1715","xnuljs","transformers"
"1716","hgdcey","transformers"
"1717","fulvnf","shutter"
"1718","nkiova","facade"
"1719","ulfdpv","transformers"
"1720","ulfdpv","transformers"
"1721","sgnovk","facade"
"1722","fqkwfz","facade"
"1723","nqdznj","facade"
"1724","nqdznj","transformers"
"1725","schgpn","facade"
"1726","wiqkhi","facade"
"1727","zxitck","facade"
"1728","gqlywq","transformers"
"1729","qmgmoz","door"
"1730","nvheqm","door"
"1731","zgvlkh","facade"
"1732","ulfdpv","transformers"
"1733","rhkcms","facade"
"1734","zvpjqv","transformers"
"1735","fhetog","window"
"1736","kiwdof","transformers"
"1737","gwfstd","facade"
"1738","gkpyxa","facade"
"1739","ulfdpv","facade"
"1740","vgilwn","facade"
"1741","reozin","facade"
"1742","ulfdpv","facade"
"1743","miqgga","facade"
"1744","vcates","facade"
"1745","ambces","transformers"
"1746","liukal","transformers"
"1747","wayjxe","transformers"
"1748","absxxx","shutter"
"1749","itorqs","shutter"
"1750","qolfsd","shutter"
"1751","efcbub","door"
"1752","ylavbr","door"
"1753","vyfqbw","door"
"1754","edajcp","transformers"
"1755","gsfvkk","transformers"
"1756","gqlywq","transformers"
"1757","ueijbd","transformers"
"1758","vskscx","transformers"
"1759","ccrblh","transformers"
"1760","gbnsmv","bridge"
"1761","miqgga","facade"
"1762","ulfdpv","facade"
"1763","ebjymh","facade"
"1764","ueijbd","garbage_can"
"1765","rgczpw","garbage_can"
"1766","deqocp","facade"
"1767","ulfdpv","facade"
"1768","miqgga","facade"
"1769","miqgga","facade"
"1770","ulfdpv","facade"
"1771","vgilwn","transformers"
"1772","ulfdpv","transformers"
"1773","vgilwn","transformers"
"1774","spkbve","transformers"
"1775","gkpyxa","facade"
"1776","ulfdpv","facade"
"1777","ulfdpv","transformers"
"1778","tjziyt","transformers"
"1779","ylavbr","transformers"
"1780","gkpyxa","transformers"
"1781","miqgga","traffic_sign"
"1782","ulfdpv","traffic_sign"
"1783","nvheqm","traffic_sign"
"1784","ulfdpv","transformers"
"1785","nrebtj","traffic_sign"
"1786","ulfdpv","transformers"
"1787","vgilwn","transformers"
"1788","vzzcsm","traffic_sign"
"1789","ulfdpv","traffic_sign"
"1790","ueijbd","transformers"
"1791","zzcclz","transformers"
"1792","wmmzzg","shutter"
"1793","nvheqm","transformers"
"1794","ohujaf","transformers"
"1795","joscva","transformers"
"1796","ueijbd","transformers"
"1797","qmgmoz","transformers"
"1798","miqgga","transformers"
"1799","ulfdpv","transformers"
"1800","gkpyxa","shutter"
"1801","vgilwn","shutter"
"1802","ulfdpv","shutter"
"1803","oacthy","transformers"
"1804","ytqsfq","transformers"
"1805","srcbom","transformers"
"1806","uofptx","facade"
"1807","hhccre","parking_meter"
"1808","cclodm","parking_meter"
"1809","ammadk","facade"
"1810","tldrjx","facade"
"1811","qmgmoz","facade"
"1812","hhccre","facade"
"1813","nvheqm","facade"
"1814","rtjnyq","facade"
"1815","nitvqc","facade"
"1816","eoorek","door"
"1817","rtjnyq","facade"
"1818","elrumw","facade"
"1819","rtjnyq","facade"
"1820","rtjnyq","facade"
"1821","dahawi","transformers"
"1822","lfstto","facade"
"1823","uxnyfw","facade"
"1824","cldbjy","facade"
"1825","mzzzaj","facade"
"1826","wbsobb","transformers"
"1827","gkpyxa","traffic_sign"
"1828","ulfdpv","traffic_sign"
"1829","vtegvm","traffic_sign"
"1830","ulfdpv","traffic_sign"
"1831","vgilwn","traffic_sign"
"1832","bjrdzy","transformers"
"1833","lokhyd","traffic_sign"
"1834","gbnsmv","bridge"
"1835","mtajvt","bridge"
"1836","yjyutc","bridge"
"1837","nypepr","bridge"
"1838","funyqn","bridge"
"1839","gbnsmv","bridge"
"1840","miqgga","transformers"
"1841","ulfdpv","transformers"
"1842","vgilwn","transformers"
"1843","ulfdpv","facade"
"1844","miqgga","facade"
"1845","drehbb","facade"
"1846","dunpuf","facade"
"1847","fdellp","facade"
"1848","esxppt","facade"
"1849","kiwdof","facade"
"1850","ylavbr","transformers"
"1851","drehbb","transformers"
"1852","koyijn","transformers"
"1853","rghhse","transformers"
"1854","vvffku","transformers"
"1855","onzppx","transformers"
"1856","ltiqvv","transformers"
"1857","rghhse","transformers"
"1858","ltiqvv","transformers"
"1859","rghhse","transformers"
"1860","unqxvn","transformers"
"1861","ykodvy","transformers"
"1862","miqgga","traffic_sign"
"1863","ulfdpv","traffic_sign"
"1864","zqbyel","transformers"
"1865","fhetog","transformers"
"1866","wkhpsr","transformers"
"1867","wkhpsr","transformers"
"1868","wkhpsr","transformers"
"1869","zyqxox","transformers"
"1870","qzrolk","transformers"
"1871","tldrjx","transformers"
"1872","wllrdp","traffic_sign"
"1873","wllrdp","traffic_sign"
"1874","joscva","door"
"1875","rlymcw","facade"
"1876","mjlein","facade"
"1877","rfnndg","facade"
"1878","jhxscw","facade"
"1879","dxoaob","facade"
"1880","rlymcw","transformers"
"1881","rlymcw","door"
"1882","wftkdt","door"
"1883","mjlein","door"
"1884","rfnndg","door"
"1885","rfnndg","door"
"1886","ltiqvv","door"
"1887","mxmtfl","door"
"1888","miwged","door"
"1889","ukcncm","door"
"1890","cuzlrs","door"
"1891","pixlrj","door"
"1892","ffqjoo","transformers"
"1893","mzdjqy","door"
"1894","snyzyy","door"
"1895","dtnbfw","transformers"
"1896","xhrjzj","transformers"
"1897","mychur","door"
"1898","vgilwn","facade"
"1899","ulfdpv","facade"
"1900","awvfhi","facade"
"1901","miqgga","facade"
"1902","miqgga","facade"
"1903","ulfdpv","facade"
"1904","xocskg","facade"
"1905","tjziyt","facade"
"1906","rtjnyq","facade"
"1907","zzfaez","facade"
"1908","nyddph","facade"
"1909","zzfaez","door"
"1910","jsuhpm","facade"
"1911","ozephw","facade"
"1912","sdnpmk","facade"
"1913","lcmbli","facade"
"1914","lcmbli","facade"
"1915","jsuhpm","facade"
"1916","wkylbe","facade"
"1917","lcmbli","facade"
"1918","etspar","facade"
"1919","ccrblh","facade"
"1920","ccrblh","facade"
"1921","liukal","transformers"
"1922","ulfdpv","facade"
"1923","miqgga","facade"
"1924","cmgzqd","facade"
"1925","eesjlq","facade"
"1926","dunpuf","facade"
"1927","rghhse","facade"
"1928","embyaf","facade"
"1929","xboxft","facade"
"1930","zrfpsa","facade"
"1931","rbvmfd","facade"
"1932","dunpuf","transformers"
"1933","mmregn","facade"
"1934","scexve","facade"
"1935","owqawr","traffic_sign"
"1936","reozin","facade"
"1937","kfzzws","facade"
"1938","zzfaez","facade"
"1939","miqgga","facade"
"1940","ulfdpv","facade"
"1941","fhetog","facade"
"1942","vsqibw","transformers"
"1943","dwlegu","transformers"
"1944","fsxaen","transformers"
"1945","cidtld","transformers"
"1946","vuikgq","facade"
"1947","yposeh","facade"
"1948","fhltzp","facade"
"1949","faeghl","facade"
"1950","dunpuf","facade"
"1951","bmllev","facade"
"1952","yposeh","facade"
"1953","fhltzp","facade"
"1954","iovfkg","transformers"
"1955","lijyqu","facade"
"1956","awvfhi","facade"
"1957","qotxai","facade"
"1958","awvfhi","facade"
"1959","rbfjjc","facade"
"1960","dwvbzl","bus_shelter"
"1961","szzepf","bus_shelter"
"1962","oerbhj","facade"
"1963","zqbyel","facade"
"1964","zqbyel","facade"
"1965","bapijd","facade"
"1966","ueijbd","facade"
"1967","zqbyel","facade"
"1968","zqbyel","facade"
"1969","whjgju","facade"
"1970","zxresj","facade"
"1971","ueijbd","facade"
"1972","cldbjy","facade"
"1973","mzzzaj","facade"
"1974","biujgd","door"
"1975","vpkadk","door"
"1976","vskscx","door"
"1977","ymikrb","transformers"
"1978","vuikgq","door"
"1979","znycfl","door"
"1980","pavlio","door"
"1981","nvheqm","door"
"1982","nvheqm","door"
"1983","tjziyt","door"
"1984","oejthg","door"
"1985","oejthg","door"
"1986","ylavbr","door"
"1987","cyorjf","transformers"
"1988","uqiitf","transformers"
"1989","tjziyt","transformers"
"1990","lijyqu","transformers"
"1991","nehxgf","transformers"
"1992","wtinbv","transformers"
"1993","zgffqj","transformers"
"1994","escufo","facade"
"1995","nyddph","door"
"1996","zzfaez","door"
"1997","kfzzws","facade"
"1998","kmzxlx","facade"
"1999","szfyue","transformers"
"2000","udlwpy","traffic_sign"
"2001","vrerur","traffic_sign"
"2002","wbsobb","transformers"
"2003","miqgga","traffic_sign"
"2004","miqgga","traffic_sign"
"2005","ulfdpv","traffic_sign"
"2006","psklaf","traffic_sign"
"2007","miqgga","traffic_sign"
"2008","ulfdpv","traffic_sign"
"2009","cldbjy","traffic_sign"
"2010","vskscx","transformers"
"2011","lhatbx","facade"
"2012","poqczt","door"
"2013","aeelzf","door"
"2014","huevcp","door"
"2015","tzgvkh","door"
"2016","ycuufq","door"
"2017","vwxkmm","door"
"2018","ojnubi","facade"
"2019","ebjymh","facade"
"2020","uqiitf","transformers"
"2021","nuglxt","transformers"
"2022","cktkuz","door"
"2023","dcescz","door"
"2024","zzdtpf","facade"
"2025","taeqbz","transformers"
"2026","njguou","transformers"
"2027","rhjiys","transformers"
"2028","psklaf","transformers"
"2029","dunpuf","facade"
"2030","qmgmoz","traffic_sign"
"2031","ixtjbv","traffic_sign"
"2032","qmgmoz","traffic_sign"
"2033","qmgmoz","traffic_sign"
"2034","oerbhj","traffic_sign"
"2035","olbowu","traffic_sign"
"2036","oerbhj","traffic_sign"
"2037","qmgmoz","traffic_sign"
"2038","kdchjl","traffic_sign"
"2039","rtvkox","traffic_sign"
"2040","yygief","traffic_sign"
"2041","simubd","traffic_sign"
"2042","fdvurn","traffic_sign"
"2043","ifxlbp","traffic_sign"
"2044","ufphef","traffic_sign"
"2045","qmgmoz","traffic_sign"
"2046","oerbhj","transformers"
"2047","qmgmoz","traffic_sign"
"2048","qmgmoz","traffic_sign"
"2049","qmgmoz","transformers"
"2050","ozsael","transformers"
"2051","tldrjx","transformers"
"2052","qmgmoz","transformers"
"2053","ozsael","transformers"
"2054","ueijbd","transformers"
"2055","ozsael","transformers"
"2056","nudlpi","transformers"
"2057","ueijbd","transformers"
"2058","kwohyq","transformers"
"2059","nvheqm","transformers"
"2060","lmdjco","transformers"
"2061","ozsael","transformers"
"2062","nvheqm","transformers"
"2063","qmgmoz","transformers"
"2064","kwohyq","transformers"
"2065","ueijbd","transformers"
"2066","erijxs","transformers"
"2067","hmmhud","transformers"
"2068","pplpdi","transformers"
"2069","tldrjx","door"
"2070","qmgmoz","traffic_sign"
"2071","miqgga","traffic_sign"
"2072","iczbey","traffic_sign"
"2073","adpsxi","facade"
"2074","hpcykd","facade"
"2075","miqgga","facade"
"2076","ulfdpv","facade"
"2077","zzfaez","facade"
"2078","zqbyel","facade"
"2079","rhjiys","transformers"
"2080","rtjnyq","transformers"
"2081","wbsobb","transformers"
"2082","psklaf","transformers"
"2083","wtinbv","transformers"
"2084","ossljf","traffic_sign"
"2085","zkoqtn","traffic_sign"
"2086","fgyvfn","traffic_sign"
"2087","ossljf","traffic_sign"
"2088","mmtbha","traffic_sign"
"2089","znycfl","traffic_sign"
"2090","coefze","traffic_sign"
"2091","okpgnx","traffic_sign"
"2092","znycfl","traffic_sign"
"2093","rghhse","traffic_sign"
"2094","kuujiw","door"
"2095","dwvbzl","door"
"2096","psklaf","traffic_sign"
"2097","nehxgf","traffic_sign"
"2098","nehxgf","traffic_sign"
"2099","nehxgf","traffic_sign"
"2100","psklaf","traffic_sign"
"2101","wneusj","transformers"
"2102","yposeh","transformers"
"2103","lijyqu","transformers"
"2104","wtinbv","transformers"
"2105","nyddph","transformers"
"2106","psklaf","facade"
"2107","wtinbv","facade"
"2108","ltiqvv","facade"
"2109","mulnfd","facade"
"2110","ebjymh","traffic_sign"
"2111","ebjymh","traffic_sign"
"2112","tuqlzs","traffic_sign"
"2113","ulfdpv","traffic_sign"
"2114","vgilwn","traffic_sign"
"2115","miqgga","traffic_sign"
"2116","miqgga","traffic_sign"
"2117","miqgga","traffic_sign"
"2118","ulfdpv","traffic_sign"
"2119","miqgga","traffic_sign"
"2120","gkpyxa","facade"
"2121","ulfdpv","facade"
"2122","nehxgf","transformers"
"2123","ukcehu","facade"
"2124","bgyykt","facade"
"2125","ukcehu","facade"
"2126","dunpuf","facade"
"2127","miqgga","bridge"
"2128","ntwcft","bridge"
"2129","byijva","transformers"
"2130","lshtga","transformers"
"2131","qpvlqy","transformers"
"2132","hefzdl","traffic_sign"
"2133","bbhxnj","traffic_sign"
"2134","ulfdpv","transformers"
"2135","stxzpt","transformers"
"2136","gvlzdp","transformers"
"2137","iwlpbo","transformers"
"2138","jkhevg","transformers"
"2139","gwuxfh","transformers"
"2140","pswapj","transformers"
"2141","meizxn","traffic_sign"
"2142","bqtvhz","traffic_sign"
"2143","mjozui","traffic_sign"
"2144","qmhjts","traffic_sign"
"2145","usdnrs","traffic_sign"
"2146","xszarr","traffic_sign"
"2147","bqfwbz","traffic_sign"
"2148","xszarr","traffic_sign"
"2149","xrydgm","traffic_sign"
"2150","ueijbd","facade"
"2151","miqgga","facade"
"2152","ulfdpv","facade"
"2153","bgmykf","facade"
"2154","mzzzaj","bench"
"2155","mzzzaj","bench"
"2156","aujkai","bench"
"2157","zvpjqv","door"
"2158","ylavbr","door"
"2159","kvpuvu","door"
"2160","liukal","door"
"2161","zvpjqv","facade"
"2162","zzcclz","facade"
"2163","vupiad","facade"
"2164","csvbll","facade"
"2165","miqgga","facade"
"2166","pzpbai","facade"
"2167","wyuqtd","facade"
"2168","sxjlad","facade"
"2169","gkpyxa","shutter"
"2170","ulfdpv","shutter"
"2171","xuilcw","transformers"
"2172","xuilcw","transformers"
"2173","xuilcw","transformers"
"2174","wkytch","transformers"
"2175","nciqac","transformers"
"2176","qsqlzm","transformers"
"2177","hjajxr","transformers"
"2178","ulfdpv","transformers"
"2179","miqgga","transformers"
"2180","ulfdpv","transformers"
"2181","nciqac","transformers"
"2182","tpvmcf","transformers"
"2183","otxecr","transformers"
"2184","gxauyt","transformers"
"2185","miqgga","transformers"
"2186","ulfdpv","transformers"
"2187","miqgga","transformers"
"2188","ulfdpv","transformers"
"2189","ulfdpv","transformers"
"2190","ulfdpv","transformers"
"2191","vgilwn","transformers"
"2192","gkpyxa","transformers"
"2193","ulfdpv","transformers"
"2194","vgilwn","transformers"
"2195","kiwdof","transformers"
"2196","trcauo","transformers"
"2197","kpaalv","transformers"
"2198","mmregn","transformers"
"2199","dunpuf","transformers"
"2200","vnsstv","transformers"
"2201","liukal","transformers"
"2202","qmihvr","transformers"
"2203","miqgga","facade"
"2204","gbujim","transformers"
"2205","zzfaez","transformers"
"2206","zzfaez","door"
"2207","zzfaez","door"
"2208","zzfaez","door"
"2209","zzfaez","door"
"2210","zqbyel","door"
"2211","ulfdpv","door"
"2212","dwvbzl","door"
"2213","ulfdpv","facade"
"2214","vgilwn","facade"
"2215","ibswhj","facade"
"2216","adpsxi","facade"
"2217","ulfdpv","facade"
"2218","ulfdpv","facade"
"2219","vgilwn","facade"
"2220","miqgga","facade"
"2221","gnxxgo","transformers"
"2222","bpznqq","transformers"
"2223","ulfdpv","facade"
"2224","iowivf","door"
"2225","uzrozt","facade"
"2226","fhetog","garbage_can"
"2227","kpaalv","facade"
"2228","yrpugx","transformers"
"2229","tbtqsf","transformers"
"2230","tbtqsf","transformers"
"2231","hjajxr","transformers"
"2232","aacmsv","facade"
"2233","vmdqwi","facade"
"2234","nuizzq","facade"
"2235","ccrblh","facade"
"2236","kiwdof","transformers"
"2237","kiwdof","transformers"
"2238","oerbhj","facade"
"2239","oerbhj","facade"
"2240","oerbhj","facade"
"2241","zhlfqp","facade"
"2242","qpjhdz","transformers"
"2243","tuiene","transformers"
"2244","qpjhdz","transformers"
"2245","tuiene","transformers"
"2246","vhmjwh","transformers"
"2247","tuiene","facade"
"2248","jzvxjk","door"
"2249","yjyutc","door"
"2250","huqicf","door"
"2251","ylavbr","door"
"2252","nehxgf","door"
"2253","rvsqbg","door"
"2254","kuujiw","door"
"2255","wqxjfd","transformers"
"2256","zzcbag","transformers"
"2257","uefdwa","transformers"
"2258","doirgc","transformers"
"2259","kahhso","transformers"
"2260","rrqmbf","transformers"
"2261","bhsfxj","transformers"
"2262","rwrmpy","transformers"
"2263","gbnsmv","transformers"
"2264","xfwpwq","transformers"
"2265","miqgga","transformers"
"2266","fhetog","transformers"
"2267","gbnsmv","transformers"
"2268","gbnsmv","transformers"
"2269","hkfggr","transformers"
"2270","asnvkq","transformers"
"2271","fgtkbv","transformers"
"2272","kahhso","transformers"
"2273","rghhse","transformers"
"2274","dwvbzl","transformers"
"2275","jdrroi","transformers"
"2276","qjindg","transformers"
"2277","wbsobb","transformers"
"2278","reozin","transformers"
"2279","ulfdpv","transformers"
"2280","gbymlt","transformers"
"2281","dwvbzl","transformers"
"2282","gjowsj","transformers"
"2283","cmgzqd","transformers"
"2284","jcnfbv","transformers"
"2285","qjindg","transformers"
"2286","vunnqq","transformers"
"2287","whogxy","transformers"
"2288","vunnqq","transformers"
"2289","kfzzws","transformers"
"2290","ebjymh","transformers"
"2291","psklaf","transformers"
"2292","ntwcft","transformers"
"2293","ufphef","transformers"
"2294","rurpbc","transformers"
"2295","ztrzsx","transformers"
"2296","kiyjim","transformers"
"2297","ulfdpv","transformers"
"2298","zzfaez","garage_door"
"2299","cmgzqd","transformers"
"2300","vskmjz","transformers"
"2301","ujpsjs","transformers"
"2302","wbsobb","transformers"
"2303","wbsobb","transformers"
"2304","qjindg","transformers"
"2305","rgczpw","transformers"
"2306","kzdnng","garage_door"
"2307","qpjhdz","door"
"2308","tuiene","door"
"2309","kiwdof","shutter"
"2310","bpirez","facade"
"2311","ccrblh","facade"
"2312","gvbsot","facade"
"2313","rpsnyq","transformers"
"2314","tuiene","transformers"
"2315","vvqydj","transformers"
"2316","fnqzak","facade"
"2317","gsvbkl","facade"
"2318","hhdiue","transformers"
"2319","dwvbzl","transformers"
"2320","hpcykd","transformers"
"2321","fwdqaj","facade"
"2322","vskmjz","transformers"
"2323","ujpsjs","transformers"
